{"cameraMode":{"drawMode":0,"name":"Shaded","section":"Shading Mode"},"sceneLighting":false,"audioPlay":false,"sceneViewState":{"m_AlwaysRefresh":false,"showFog":true,"showSkybox":false,"showFlares":true,"showImageEffects":true,"showParticleSystems":true,"showVisualEffectGraphs":true,"m_FxEnabled":true},"in2DMode":false,"pivot":{"x":13.839715957641602,"y":4.628265380859375,"z":63.875633239746097},"rotation":{"x":0.01630900241434574,"y":-0.6886741518974304,"z":0.015497823245823384,"w":0.7247235774993897},"size":76.3183822631836,"orthographic":true}