{"cameraMode":{"drawMode":0,"name":"Shaded","section":"Shading Mode"},"sceneLighting":false,"audioPlay":false,"sceneViewState":{"m_AlwaysRefresh":false,"showFog":true,"showSkybox":false,"showFlares":true,"showImageEffects":true,"showParticleSystems":true,"showVisualEffectGraphs":true,"m_FxEnabled":true},"in2DMode":false,"pivot":{"x":-0.1830333173274994,"y":-0.05092400312423706,"z":0.4437195062637329},"rotation":{"x":0.4250149130821228,"y":-0.26342591643333437,"z":0.13076308369636537,"w":0.8561079502105713},"size":1.6396832466125489,"orthographic":false}