{"cameraMode":{"drawMode":0,"name":"Shaded","section":"Shading Mode"},"sceneLighting":false,"audioPlay":false,"sceneViewState":{"m_AlwaysRefresh":false,"showFog":true,"showSkybox":false,"showFlares":true,"showImageEffects":true,"showParticleSystems":true,"showVisualEffectGraphs":true,"m_FxEnabled":true},"in2DMode":false,"pivot":{"x":0.04005289077758789,"y":-0.7067071199417114,"z":0.21806713938713075},"rotation":{"x":0.28752022981643679,"y":-0.3600580394268036,"z":0.11768192052841187,"w":0.8796863555908203},"size":2.696228265762329,"orthographic":false}