{"cameraMode":{"drawMode":0,"name":"Shaded","section":"Shading Mode"},"sceneLighting":false,"audioPlay":false,"sceneViewState":{"m_AlwaysRefresh":false,"showFog":true,"showSkybox":false,"showFlares":true,"showImageEffects":true,"showParticleSystems":true,"showVisualEffectGraphs":true,"m_FxEnabled":true},"in2DMode":false,"pivot":{"x":-0.39440715312957766,"y":0.07701420038938523,"z":-0.07448607683181763},"rotation":{"x":0.09966319054365158,"y":-0.11466335505247116,"z":0.0115621043369174,"w":0.9883339405059815},"size":0.42843830585479739,"orthographic":false}