{"cameraMode":{"drawMode":0,"name":"Shaded","section":"Shading Mode"},"sceneLighting":false,"audioPlay":false,"sceneViewState":{"m_AlwaysRefresh":false,"showFog":true,"showSkybox":false,"showFlares":true,"showImageEffects":true,"showParticleSystems":true,"showVisualEffectGraphs":true,"m_FxEnabled":true},"in2DMode":false,"pivot":{"x":0.17863702774047852,"y":0.5345823168754578,"z":0.9122455716133118},"rotation":{"x":0.42712509632110598,"y":0.0013496412429958583,"z":-0.0006534823914989829,"w":0.9042184948921204},"size":1.6086852550506592,"orthographic":false}