{"cameraMode":{"drawMode":0,"name":"Shaded","section":"Shading Mode"},"sceneLighting":true,"audioPlay":false,"sceneViewState":{"m_AlwaysRefresh":false,"showFog":true,"showSkybox":true,"showFlares":true,"showImageEffects":true,"showParticleSystems":true,"showVisualEffectGraphs":true,"m_FxEnabled":true},"in2DMode":false,"pivot":{"x":9.313811302185059,"y":-2.149960517883301,"z":2.2480249404907228},"rotation":{"x":0.5685514807701111,"y":0.035757724195718768,"z":-0.02474759705364704,"w":0.8214977979660034},"size":9.895691871643067,"orthographic":false}