{"cameraMode":{"drawMode":0,"name":"Shaded","section":"Shading Mode"},"sceneLighting":false,"audioPlay":false,"sceneViewState":{"m_AlwaysRefresh":false,"showFog":true,"showSkybox":false,"showFlares":true,"showImageEffects":true,"showParticleSystems":true,"showVisualEffectGraphs":true,"m_FxEnabled":true},"in2DMode":false,"pivot":{"x":-0.4244551956653595,"y":-0.2542899250984192,"z":-0.2471197247505188},"rotation":{"x":0.1262131631374359,"y":-0.24145837128162385,"z":0.031690727919340137,"w":0.9616560339927673},"size":2.167196273803711,"orthographic":false}