{"cameraMode":{"drawMode":0,"name":"Shaded","section":"Shading Mode"},"sceneLighting":false,"audioPlay":false,"sceneViewState":{"m_AlwaysRefresh":false,"showFog":true,"showSkybox":false,"showFlares":true,"showImageEffects":true,"showParticleSystems":true,"showVisualEffectGraphs":true,"m_FxEnabled":true},"in2DMode":false,"pivot":{"x":0.0017716586589813233,"y":0.1968543380498886,"z":0.5527595281600952},"rotation":{"x":-0.0026363495271652939,"y":0.9890558123588562,"z":-0.017804879695177079,"w":-0.14644765853881837},"size":1.9616084098815919,"orthographic":false}