{"cameraMode":{"drawMode":0,"name":"Shaded","section":"Shading Mode"},"sceneLighting":false,"audioPlay":false,"sceneViewState":{"m_AlwaysRefresh":false,"showFog":true,"showSkybox":false,"showFlares":true,"showImageEffects":true,"showParticleSystems":true,"showVisualEffectGraphs":true,"m_FxEnabled":true},"in2DMode":false,"pivot":{"x":-0.4159989356994629,"y":0.9363954663276672,"z":0.22401949763298036},"rotation":{"x":0.586768627166748,"y":-0.03882977366447449,"z":0.028186548501253129,"w":0.808332085609436},"size":1.0369720458984376,"orthographic":false}